product_name,brand,price,seller_location,product_link,category,scraped_at
"Vitrified,Ceramic Floor & Wall Tiles",Unknown,N/A,Unknown,https://www.indiamart.com/indianexporters/tiles-ceramic.html,Tiles,2025-08-05T17:15:34.985433
Vitrified Floor Tile,Unknown,N/A,Unknown,https://www.indiamart.com/impcat/vitrified-floor-tile.html,Tiles,2025-08-05T17:15:34.985433
Ceramic Floor Tiles,Unknown,N/A,Unknown,https://www.indiamart.com/impcat/ceramic-floor-tiles.html,Tiles,2025-08-05T17:15:34.985433
Parking Tile,Unknown,N/A,Unknown,https://www.indiamart.com/impcat/parking-tile.html,Tiles,2025-08-05T17:15:34.985433
Double Charge Tiles,Unknown,N/A,Unknown,https://www.indiamart.com/impcat/double-charged-vitrified-tiles.html,Tiles,2025-08-05T17:15:34.985433
Gvt Tiles,Unknown,N/A,Unknown,https://www.indiamart.com/impcat/glazed-vitrified-tiles.html,Tiles,2025-08-05T17:15:34.985433
Designer Floor Tiles,Unknown,N/A,Unknown,https://www.indiamart.com/impcat/designer-floor-tile.html,Tiles,2025-08-05T17:15:34.985433
"Ceramic Gft Bdw Texas Brown Ft Floor Tile, Size: 600X600 Mm",Unknown,N/A,Unknown,https://www.indiamart.com/proddetail/gft-bdw-texas-brown-ft-floor-tile-2857147961862.html,Tiles,2025-08-05T17:15:34.985433
"Vitrified Sahara Gris Floor Tiles, Size: 600X600 Mm",Unknown,N/A,Unknown,https://www.indiamart.com/proddetail/sahara-gris-floor-tiles-2856841731973.html,Tiles,2025-08-05T17:15:34.985433
"Ceramic Gft Bhf Maksi Dot Silver Floor Tile, Size: 600X600 Mm",Unknown,N/A,Unknown,https://www.indiamart.com/proddetail/gft-bhf-maksi-dot-silver-floor-tile-2857150829391.html,Tiles,2025-08-05T17:15:34.985433
"Ceramic Galaxy Brown Floor Tiles, Size: 300X300 Mm",Unknown,N/A,Unknown,https://www.indiamart.com/proddetail/galaxy-brown-floor-tiles-2856756416648.html,Tiles,2025-08-05T17:15:34.985433
Ceramic Floor Tiles 800X800,Unknown,N/A,Unknown,https://www.indiamart.com/proddetail/floor-tiles-800x800-18351298230.html,Tiles,2025-08-05T17:15:34.985433
"Marvelano Multicolor Ceramic Gvt Floor Tiles, Usage Area: Living...",Unknown,N/A,Unknown,https://www.indiamart.com/proddetail/ceramic-gvt-floor-tiles-23202079488.html,Tiles,2025-08-05T17:15:34.985433
"Ceramic High Glossy Brick Tile, Size: 2X2 Feet(600X600 Mm)",Unknown,N/A,Unknown,https://www.indiamart.com/proddetail/floor-tiles-2851749682388.html,Tiles,2025-08-05T17:15:34.985433
"Kajaria Vitrified Tiles, 3X6 Feet",Unknown,N/A,Unknown,https://www.indiamart.com/proddetail/kajaria-vitrified-tiles-3x6-feet-2854280299812.html,Tiles,2025-08-05T17:15:34.985433
"Matt 5022 3D Series White Body Porcelain Tiles, Size: 600X600 Mm",Unknown,N/A,Unknown,https://www.indiamart.com/proddetail/5022-3d-series-white-body-porcelain-tiles-27311439848.html,Tiles,2025-08-05T17:15:34.985433
"Matt & Glossy 5039 3D Series White Body Porcelain Tiles, Size:...",Unknown,N/A,Unknown,https://www.indiamart.com/proddetail/5039-3d-series-white-body-porcelain-tiles-27311634397.html,Tiles,2025-08-05T17:15:34.985433
"Matt & Glossy 5038 3D Series White Body Porcelain Tiles, Size:...",Unknown,N/A,Unknown,https://www.indiamart.com/proddetail/5038-3d-series-white-body-porcelain-tiles-27311624597.html,Tiles,2025-08-05T17:15:34.985433
"Matt & Glossy 5034 3D Series White Body Porcelain Tiles, Size:...",Unknown,N/A,Unknown,https://www.indiamart.com/proddetail/5034-3d-series-white-body-porcelain-tiles-27311578348.html,Tiles,2025-08-05T17:15:34.985433
"Porcelain Floor Tiles Manufacturers In Morbi, Size: 2X2 Feet",Unknown,N/A,Unknown,https://www.indiamart.com/proddetail/floor-tiles-manufacturers-in-morbi-2855668405330.html,Tiles,2025-08-05T17:15:34.985433
"Ceramic Tiles 600X600, Size: 2X2 Feet",Unknown,N/A,Unknown,https://www.indiamart.com/proddetail/ceramic-tiles-600x600-2855667788630.html,Tiles,2025-08-05T17:15:34.985433
"Porcelain Floor Tiles Morbi, Size: 2X2 Feet",Unknown,N/A,Unknown,https://www.indiamart.com/proddetail/floor-tiles-morbi-2855668405591.html,Tiles,2025-08-05T17:15:34.985433
"Porcelain Floor Tiles 600X600 Mm, Size: 2X2 Feet",Unknown,N/A,Unknown,https://www.indiamart.com/proddetail/porcelain-floor-tiles-600x600-mm-2852290253348.html,Tiles,2025-08-05T17:15:34.985433
Neon Tile Llp,Unknown,N/A,Unknown,https://www.neontile.in/,Tiles,2025-08-05T17:15:34.985433
Floor Tiles,Unknown,N/A,Unknown,https://www.indiamart.com/proddetail/floor-tiles-2854139350633.html,Tiles,2025-08-05T17:15:34.985433
Floor Tiles 24X24 Inch,Unknown,N/A,Unknown,https://www.indiamart.com/proddetail/floor-tiles-24x24-inch-2854139351630.html,Tiles,2025-08-05T17:15:34.985433
Floor Tiles 24X24,Unknown,N/A,Unknown,https://www.indiamart.com/proddetail/floor-tiles-24x24-2854139346088.html,Tiles,2025-08-05T17:15:34.985433
Ceramic Floor Tiles 24X24,Unknown,N/A,Unknown,https://www.indiamart.com/proddetail/ceramic-floor-tiles-24x24-2854139348130.html,Tiles,2025-08-05T17:15:34.985433
"Polished Vitrified Rainbow Floor Tile, Size: 2X4 Feet(600X1200 Mm)",Unknown,N/A,Unknown,https://www.indiamart.com/proddetail/rainbow-floor-tile-2851014310948.html,Tiles,2025-08-05T17:15:34.985433
"Polished Vitrified Rainbow Floor Tile, Size: 2X4 Feet(600X1200 Mm)",Unknown,N/A,Unknown,https://www.indiamart.com/proddetail/rainbow-floor-tile-2851014279312.html,Tiles,2025-08-05T17:15:34.985433
"Ceramic Wall And Floor Tiles For Bathroom, 1X2 Ft(300X600 Mm),...",Unknown,N/A,Unknown,https://www.indiamart.com/proddetail/wall-and-floor-tiles-for-bathroom-10576760448.html,Tiles,2025-08-05T17:15:34.985433
"Carving Floor Tiles, Size: 2X4 Feet(600X1200 Mm)",Unknown,N/A,Unknown,https://www.indiamart.com/proddetail/carving-floor-tiles-2850969155433.html,Tiles,2025-08-05T17:15:34.985433
"Ceramic Floor Tiles, Size: 12X18 Inch",Unknown,N/A,Unknown,https://www.indiamart.com/proddetail/floor-tiles-22392749773.html,Tiles,2025-08-05T17:15:34.985433
"Matt Finish Brown Step & Riser Tiles, Thickness: 8 - 10 Mm,...",Unknown,N/A,Unknown,https://www.indiamart.com/proddetail/step-riser-tiles-22463343691.html,Tiles,2025-08-05T17:15:34.985433
"Ceramic Bathroom Floor Tile, Size: 1X1 Feet(300X300 Mm)",Unknown,N/A,Unknown,https://www.indiamart.com/proddetail/bathroom-floor-tile-2855068343733.html,Tiles,2025-08-05T17:15:34.985433
"Ceramic Step Risers Tiles, Matte",Unknown,N/A,Unknown,https://www.indiamart.com/proddetail/step-risers-tiles-2849535042033.html,Tiles,2025-08-05T17:15:34.985433
Tropicana Floor Tiles,Unknown,N/A,Unknown,https://www.indiamart.com/proddetail/tropicana-floor-tiles-2851450560473.html,Tiles,2025-08-05T17:15:34.985433
"Vitrified Floor Tiles, Size: 2X2 Feet(600X600 Mm)",Unknown,N/A,Unknown,https://www.indiamart.com/proddetail/floor-tiles-2853952729488.html,Tiles,2025-08-05T17:15:34.985433
"High Glossy Vitrified 3D Floor Tiles, Size: 3X3 Feet(900X900 Mm)",Unknown,N/A,Unknown,https://www.indiamart.com/proddetail/3d-floor-tiles-2851450723948.html,Tiles,2025-08-05T17:15:34.985433
Kajaria Floor Tiles,Unknown,N/A,Unknown,https://www.indiamart.com/proddetail/kajaria-floor-tiles-2853952702073.html,Tiles,2025-08-05T17:15:34.985433
Tizo Tiles Llp,Unknown,N/A,Unknown,https://www.tizotile.com/,Tiles,2025-08-05T17:15:34.985433
1200X1200 Mm Carving Surface Tile,Unknown,N/A,Unknown,https://www.indiamart.com/proddetail/1200x1200-mm-carving-surface-tile-2853101958173.html,Tiles,2025-08-05T17:15:34.985433
Glossy Vitrified 600 X 600 Mm Floor Tiles,Unknown,N/A,Unknown,https://www.indiamart.com/proddetail/600-x-600-mm-floor-tiles-2853178839462.html,Tiles,2025-08-05T17:15:34.985433
Matte Stone 300X450 Mm Ruhi Matt Collection Tiles,Unknown,N/A,Unknown,https://www.indiamart.com/proddetail/300x450-mm-ruhi-matt-collection-tiles-2853114509773.html,Tiles,2025-08-05T17:15:34.985433
Matte Ceramic 800X1600 Mm Matt Collection Tile,Unknown,N/A,Unknown,https://www.indiamart.com/proddetail/800x1600-mm-matt-collection-tile-2853102556673.html,Tiles,2025-08-05T17:15:34.985433
Ceramic 2X4 Endless Floor Tiles,Unknown,N/A,Unknown,https://www.indiamart.com/proddetail/2x4-endless-floor-tiles-2855383399762.html,Tiles,2025-08-05T17:15:34.985433
Vitrified 2X4 Sparkle Floor Tiles,Unknown,N/A,Unknown,https://www.indiamart.com/proddetail/2x4-sparkle-floor-tiles-2855389613212.html,Tiles,2025-08-05T17:15:34.985433
"Vitrified 600X1200 Floor Tiles Satin Design, Size: 2X4 Feet",Unknown,N/A,Unknown,https://www.indiamart.com/proddetail/600x1200-floor-tiles-satin-design-2855389599462.html,Tiles,2025-08-05T17:15:34.985433
"Ceramic Aashi Floor Tiles Sparkle Design, Size: 2X4 Feet",Unknown,N/A,Unknown,https://www.indiamart.com/proddetail/aashi-floor-tiles-sparkle-design-2855389613130.html,Tiles,2025-08-05T17:15:34.985433
"Vitrified 600X1200 Wood Floor Tiles, Size: 2X4 Feet",Unknown,N/A,Unknown,https://www.indiamart.com/proddetail/600x1200-wood-floor-tiles-2856321911288.html,Tiles,2025-08-05T17:15:34.985433
"Ceramic Revlon Ordinary Tile, Size: 1X1 Feet",Unknown,N/A,Unknown,https://www.indiamart.com/proddetail/revlon-ordinary-tile-2852889754648.html,Tiles,2025-08-05T17:15:34.985433
"Carving 4X2 Feet Floor Tile, Size: 600 X 1200",Unknown,N/A,Unknown,https://www.indiamart.com/proddetail/4x2-feet-floor-tile-2853179020048.html,Tiles,2025-08-05T17:15:34.985433
"Vitrified 600X1200 Matt Tiles, Size: 2X4 Feet",Unknown,N/A,Unknown,https://www.indiamart.com/proddetail/600x1200-matt-tiles-2856321886862.html,Tiles,2025-08-05T17:15:34.985433
Ceramic 300 X 450Mm Matte Floor Tiles,Unknown,N/A,Unknown,https://www.indiamart.com/proddetail/300-x-450mm-matte-floor-tiles-2856417588497.html,Tiles,2025-08-05T17:15:34.985433
Porcelain 80 X 160 Cm Floor Tiles,Unknown,N/A,Unknown,https://www.indiamart.com/proddetail/80-x-160-cm-floor-tiles-2856402669091.html,Tiles,2025-08-05T17:15:34.985433
Kanopus Tiles,Unknown,N/A,Unknown,https://www.indiamart.com/proddetail/kanopus-tiles-2856369211648.html,Tiles,2025-08-05T17:15:34.985433
Porcelain 32 X 64 Inch Floor Tiles,Unknown,N/A,Unknown,https://www.indiamart.com/proddetail/32-x-64-inch-floor-tiles-2856402724291.html,Tiles,2025-08-05T17:15:34.985433
"8 X 4 Inch Flooring Tiles, Size: 4X8 Feet(1200X2400 Mm)",Unknown,N/A,Unknown,https://www.indiamart.com/proddetail/8-x-4-inch-flooring-tiles-2854158644333.html,Tiles,2025-08-05T17:15:34.985433
"Majestic Marble Tiles, Size: 2X4 Feet",Unknown,N/A,Unknown,https://www.indiamart.com/proddetail/majestic-marble-tiles-2854159151262.html,Tiles,2025-08-05T17:15:34.985433
"Triangle Design Polished Verified Tiles, Size: 2 X 2 Feet",Unknown,N/A,Unknown,https://www.indiamart.com/proddetail/triangle-design-polished-verified-tiles-23402053873.html,Tiles,2025-08-05T17:15:34.985433
"Vitrified 600X1200 Wood Floor Tiles, Size: 2X4 Feet",Unknown,N/A,Unknown,https://www.indiamart.com/proddetail/600x1200-wood-floor-tiles-2855833326355.html,Tiles,2025-08-05T17:15:34.985433
"Polished Vitrified Digital Floor Tiles, Size: 2X4 Feet(600X1200 Mm)",Unknown,N/A,Unknown,https://www.indiamart.com/proddetail/digital-floor-tiles-2849771317855.html,Tiles,2025-08-05T17:15:34.985433
"Glossy Porcelain Living Room Floor Tiles, 2X2 Feet(600X600 Mm)",Unknown,N/A,Unknown,https://www.indiamart.com/proddetail/living-room-floor-tiles-2849771358891.html,Tiles,2025-08-05T17:15:34.985433
"Material: Vitrified Living Room Ceramic Floor Tile, 2X4...",Unknown,N/A,Unknown,https://www.indiamart.com/proddetail/living-room-ceramic-floor-tile-24007906933.html,Tiles,2025-08-05T17:15:34.985433
Matte Ceramic 2X2 Carvin Floor Tiles,Unknown,N/A,Unknown,https://www.indiamart.com/proddetail/2x2-carvin-floor-tiles-2854898900033.html,Tiles,2025-08-05T17:15:34.985433
Ceramic 2X2 Floor Tiles,Unknown,N/A,Unknown,https://www.indiamart.com/proddetail/2x2-floor-tiles-2854898931948.html,Tiles,2025-08-05T17:15:34.985433
"Matte Wooden Floor Tiles, For Flooring, Size/Dimension: 60 * 120 In Cm",Unknown,N/A,Unknown,https://www.indiamart.com/proddetail/matte-wooden-floor-tiles-2855002615491.html,Tiles,2025-08-05T17:15:34.985433
"Matte Ceramic Bathroom Floor Tiles, Size: 2X2 Feet",Unknown,N/A,Unknown,https://www.indiamart.com/proddetail/ceramic-bathroom-floor-tiles-2855023537612.html,Tiles,2025-08-05T17:15:34.985433
"Full Body Vitrified Living Room Floor Tiles, 2X4 Feet",Unknown,N/A,Unknown,https://www.indiamart.com/proddetail/full-body-vitrified-living-room-floor-tiles-2854891154812.html,Tiles,2025-08-05T17:15:34.985433
"Porcelain Designer Floor Tiles, Size: 2X4 Feet",Unknown,N/A,Unknown,https://www.indiamart.com/proddetail/designer-floor-tiles-2854903149530.html,Tiles,2025-08-05T17:15:34.985433
"Polished Ceramic Floor Tiles, Size: 2X4 Feet",Unknown,N/A,Unknown,https://www.indiamart.com/proddetail/ceramic-floor-tiles-2853056952188.html,Tiles,2025-08-05T17:15:34.985433
Commercial Floor Tiles,Unknown,N/A,Unknown,https://www.indiamart.com/proddetail/commercial-floor-tiles-2852679175673.html,Tiles,2025-08-05T17:15:34.985433
"Porcelain Polished Floor Tiles, Size: 600 X 1200",Unknown,N/A,Unknown,https://www.indiamart.com/proddetail/polished-floor-tiles-2852679175497.html,Tiles,2025-08-05T17:15:34.985433
Bedroom Floor Tiles,Unknown,N/A,Unknown,https://www.indiamart.com/proddetail/bedroom-floor-tiles-2852679177333.html,Tiles,2025-08-05T17:15:34.985433
"Porcelain Floor Tiles 1200 X 1800, 6X4 Feet",Unknown,N/A,Unknown,https://www.indiamart.com/proddetail/floor-tiles-1200-x-1800-2853135652755.html,Tiles,2025-08-05T17:15:34.985433
Matt Finish Floor Tile,Unknown,N/A,Unknown,https://www.indiamart.com/proddetail/matt-finish-floor-tile-2853212716862.html,Tiles,2025-08-05T17:15:34.985433
"Vitrified Designer Floor Tiles, Size: 2X4 Feet",Unknown,N/A,Unknown,https://www.indiamart.com/proddetail/designer-floor-tiles-2854036493773.html,Tiles,2025-08-05T17:15:34.985433
"Porcelain Mosaic Floor Tiles, 1X1 Feet",Unknown,N/A,Unknown,https://www.indiamart.com/proddetail/mosaic-floor-tiles-2855680391491.html,Tiles,2025-08-05T17:15:34.985433
"Glossy Ceramic Floor Tiles, Size : 2X2 Feet",Unknown,N/A,Unknown,https://www.indiamart.com/proddetail/ceramic-floor-tiles-23035032633.html,Tiles,2025-08-05T17:15:34.985433
"Vitrified Pgvt Floor Tiles, 2X2 Feet",Unknown,N/A,Unknown,https://www.indiamart.com/proddetail/vitrified-pgvt-floor-tiles-23035507897.html,Tiles,2025-08-05T17:15:34.985433
"Bathroom Floor Tile, 300 X 450 Mm, Thickness: 5-10 Mm",Unknown,N/A,Unknown,https://www.indiamart.com/proddetail/bathroom-floor-tile-23587114762.html,Tiles,2025-08-05T17:15:34.985433
"Ceramic Polished Tiles Vitrified Step And Riser Stair Tile, 300 X...",Unknown,N/A,Unknown,https://www.indiamart.com/proddetail/vitrified-step-and-riser-stair-tile-22665522330.html,Tiles,2025-08-05T17:15:34.985433
"Vitrified 600X600 Floor Tiles, Size: 2X4 Feet",Unknown,N/A,Unknown,https://www.indiamart.com/proddetail/600x600-floor-tiles-2856023254091.html,Tiles,2025-08-05T17:15:34.985433
"Glossy Ceramic Floor Tiles, Size: 2X4 Feet",Unknown,N/A,Unknown,https://www.indiamart.com/proddetail/ceramic-floor-tiles-2853097330512.html,Tiles,2025-08-05T17:15:34.985433
"Vitrified 600X600 Floor Denora Tile, Size: 2X4 Feet",Unknown,N/A,Unknown,https://www.indiamart.com/proddetail/600x600-floor-denora-tile-2856023254255.html,Tiles,2025-08-05T17:15:34.985433
"Vitrified Denora Floor Tiles, Size: 2X4 Feet",Unknown,N/A,Unknown,https://www.indiamart.com/proddetail/denora-floor-tiles-2856022152133.html,Tiles,2025-08-05T17:15:34.985433
Vitrified 800X1600 Mm Book Match Floor Tiles,Unknown,N/A,Unknown,https://www.indiamart.com/proddetail/800x1600-mm-book-match-floor-tiles-2855523483873.html,Tiles,2025-08-05T17:15:34.985433
"Vitrified Tropicana White Floor Tile, Size: 2X2 Feet",Unknown,N/A,Unknown,https://www.indiamart.com/proddetail/tropicana-white-floor-tile-2855191604812.html,Tiles,2025-08-05T17:15:34.985433
Statuario Vizon Floor Tiles,Unknown,N/A,Unknown,https://www.indiamart.com/proddetail/statuario-vizon-floor-tiles-2854344896762.html,Tiles,2025-08-05T17:15:34.985433
"Vitrified Swizer White Floor Tile, Size: 2X4 Feet(600X1200 Mm)",Unknown,N/A,Unknown,https://www.indiamart.com/proddetail/swizer-white-floor-tile-2854344978673.html,Tiles,2025-08-05T17:15:34.985433
"Vitrified Floor Tiles, Size: 2X2 Feet",Unknown,N/A,Unknown,https://www.indiamart.com/proddetail/floor-tiles-2856953651312.html?pos=1&nh=Y,Tiles,2025-08-05T17:15:34.985433
"Ceramic Alliance Cfs-Cfd 3030114 Floor Tiles, Size: 300 X 300 Mm",Unknown,N/A,Unknown,https://www.indiamart.com/proddetail/alliance-cfs-cfd-3030114-floor-tiles-2856790029362.html?pos=2&nh=Y,Tiles,2025-08-05T17:15:34.985433
Ceramic Matte Finish Tiles,Unknown,N/A,Unknown,https://www.indiamart.com/proddetail/matte-finish-tiles-2853441972262.html?pos=1,Tiles,2025-08-05T17:15:34.985433
"Packing 400 X 400Mm Ceramic Parking Tiles, Size: 16X16",Unknown,N/A,Unknown,https://www.indiamart.com/proddetail/400-x-400mm-ceramic-parking-tiles-23402724773.html?pos=2,Tiles,2025-08-05T17:15:34.985433
"Vitrified Floor Tiles, Size: 2X2 Feet(600X600 Mm)",Unknown,N/A,Unknown,https://www.indiamart.com/proddetail/floor-tiles-2853952729488.html?pos=3,Tiles,2025-08-05T17:15:34.985433
Tizo Tiles Llp,Unknown,N/A,Unknown,https://www.indiamart.com/tizo-tiles-llp/?pos=3,Tiles,2025-08-05T17:15:34.985433
"Glossy Light Ceramic Tile, Size: 2X4 Feet(600X1200 Mm)",Unknown,N/A,Unknown,https://www.indiamart.com/proddetail/alfredo-light-ceramic-tile-25995168388.html?pos=4,Tiles,2025-08-05T17:15:34.985433
"Floor Carving Tiles, 600X1200 Mm",Unknown,N/A,Unknown,https://www.indiamart.com/proddetail/golden-yellow-floor-tiles-2854976109691.html,Tiles,2025-08-05T17:15:34.985433
Golden Designer Vitrified Tiles,Unknown,N/A,Unknown,https://www.indiamart.com/proddetail/golden-designer-vitrified-tiles-2854976106230.html,Tiles,2025-08-05T17:15:34.985433
"Ceramic Aspire 3D Galicha Floor Tiles, Size: 2X2 Feet(600X600 Mm)",Unknown,N/A,Unknown,https://www.indiamart.com/proddetail/aspire-3d-galicha-floor-tiles-2853992123412.html,Tiles,2025-08-05T17:15:34.985433
"Vitrified Somany Bathroom Floor Tiles, Size: 2X4 Feet(600X1200 Mm)",Unknown,N/A,Unknown,https://www.indiamart.com/proddetail/somany-bathroom-floor-tiles-2854976117473.html,Tiles,2025-08-05T17:15:34.985433
Vitrified Tiles Manufacturer,Unknown,N/A,Unknown,https://www.indiamart.com/proddetail/vitrified-tiles-manufacturer-2853469655791.html,Tiles,2025-08-05T17:15:34.985433
Book Match Floor Tiles,Unknown,N/A,Unknown,https://www.indiamart.com/proddetail/book-match-floor-tiles-2853643851348.html,Tiles,2025-08-05T17:15:34.985433
"High Glossy Digital Glazed Vitrified Tile, Size: 600X1200 Mm",Unknown,N/A,Unknown,https://www.indiamart.com/proddetail/digital-glazed-vitrified-tile-2853469436191.html,Tiles,2025-08-05T17:15:34.985433
Floor Carving Tiles,Unknown,N/A,Unknown,https://www.indiamart.com/proddetail/floor-carving-tiles-2853647459155.html,Tiles,2025-08-05T17:15:34.985433
"Vitrified Hotel Floor Tiles, Size: 2X4 Feet",Unknown,N/A,Unknown,https://www.indiamart.com/proddetail/hotel-floor-tiles-2856962607955.html,Tiles,2025-08-05T17:15:34.985433
"Ceramic Designer Floor Tile, Size: 1X1 Feet",Unknown,N/A,Unknown,https://www.indiamart.com/proddetail/ceramic-designer-floor-tile-2854251786088.html,Tiles,2025-08-05T17:15:34.985433
"Vitrified Modern Floor Tiles, Size: 1X1 Feet(300X300 Mm)",Unknown,N/A,Unknown,https://www.indiamart.com/proddetail/modern-design-floor-tile-2854363526430.html,Tiles,2025-08-05T17:15:34.985433
"Ceramic Kajaria Designer Tiles, Size: 1X1 Feet(300X300 Mm)",Unknown,N/A,Unknown,https://www.indiamart.com/proddetail/designer-floor-wall-tiles-2854594613748.html,Tiles,2025-08-05T17:15:34.985433
"Double Charge Vitrified Floor Tile, 2X2 Feet(60X60 Cm), 10-15 Mm",Unknown,N/A,Unknown,https://www.indiamart.com/proddetail/double-charge-vitrified-floor-tile-19042115655.html,Tiles,2025-08-05T17:15:34.985433
"Nano Floor Tile, 8 Mm",Unknown,N/A,Unknown,https://www.indiamart.com/proddetail/nano-floor-tile-19042594048.html,Tiles,2025-08-05T17:15:34.985433
"Glossy Vitrified 1200X1800 Mm Tiles, Size: 6X4 Feet(1800X1200 Mm)",Unknown,N/A,Unknown,https://www.indiamart.com/proddetail/1200x1800-mm-tiles-2852113377248.html,Tiles,2025-08-05T17:15:34.985433
"Vitrified Floor Tile, Size: 1200 X 600 Mm",Unknown,N/A,Unknown,https://www.indiamart.com/proddetail/vitrified-floor-tile-19042522530.html,Tiles,2025-08-05T17:15:34.985433
Vitrified 2X4 Matt Finish Tiles,Unknown,N/A,Unknown,https://www.indiamart.com/proddetail/2x4-matt-finish-tiles-2854166153133.html,Tiles,2025-08-05T17:15:34.985433
"Porcelain 600 X 600 Mm Floor Tiles, Size: 2X2 Feet(600X600 Mm)",Unknown,N/A,Unknown,https://www.indiamart.com/proddetail/600-x-600-mm-floor-tiles-2854165664688.html,Tiles,2025-08-05T17:15:34.985433
Ceramic Living Room Wall Tiles And Floor Tiles,Unknown,N/A,Unknown,https://www.indiamart.com/proddetail/living-room-wall-tiles-and-floor-tiles-2854163011533.html,Tiles,2025-08-05T17:15:34.985433
"Digital Printing Matte Texture Floor Tiles, Size/Dimension: 400X400 Mm",Unknown,N/A,Unknown,https://www.indiamart.com/proddetail/texture-floor-tiles-26049879173.html,Tiles,2025-08-05T17:15:34.985433
"Glossy Light Ceramic Tile, Size: 2X4 Feet(600X1200 Mm)",Unknown,N/A,Unknown,https://www.indiamart.com/proddetail/alfredo-light-ceramic-tile-25995168388.html,Tiles,2025-08-05T17:15:34.985433
Carved Carving Floor Tiles,Unknown,N/A,Unknown,https://www.indiamart.com/proddetail/carving-floor-tiles-26052243948.html,Tiles,2025-08-05T17:15:34.985433
"Glossy Ivory Ceramic Tile, 2X4 Feet",Unknown,N/A,Unknown,https://www.indiamart.com/proddetail/glossy-ivory-ceramic-tile-25996412433.html,Tiles,2025-08-05T17:15:34.985433
"Glossy Granite Floor Tile, 600X600 Mm",Unknown,N/A,Unknown,https://www.indiamart.com/proddetail/granite-floor-tile-2854467636730.html,Tiles,2025-08-05T17:15:34.985433
"Smooth Vitrified Moroccan Porcelain Tiles, 2X2 Feet(600X600 Mm)",Unknown,N/A,Unknown,https://www.indiamart.com/proddetail/moroccan-porcelain-tiles-2854467694697.html,Tiles,2025-08-05T17:15:34.985433
"Anti Slip Porcelain Tile, Thickness: 20 Mm, 2X2 Feet",Unknown,N/A,Unknown,https://www.indiamart.com/proddetail/anti-slip-porcelain-tile-2854467507073.html,Tiles,2025-08-05T17:15:34.985433
"Vitrified Living Room Floor Tiles, 2X4 Feet",Unknown,N/A,Unknown,https://www.indiamart.com/proddetail/living-room-floor-tiles-2854581803355.html,Tiles,2025-08-05T17:15:34.985433
Glossy Tiles,Unknown,N/A,Unknown,https://www.indiamart.com/impcat/glossy-tiles.html,Tiles,2025-08-05T17:15:34.985433
Porcelain Floor Tile,Unknown,N/A,Unknown,https://www.indiamart.com/impcat/porcelain-floor-tile.html,Tiles,2025-08-05T17:15:34.985433
Living Room Floor Tiles,Unknown,N/A,Unknown,https://www.indiamart.com/impcat/living-room-floor-tile.html,Tiles,2025-08-05T17:15:34.985433
Plain Floor Tiles,Unknown,N/A,Unknown,https://www.indiamart.com/impcat/plain-tiles.html,Tiles,2025-08-05T17:15:34.985433
Tile Flooring Services,Unknown,N/A,Unknown,https://www.indiamart.com/impcat/tile-flooring-services.html,Tiles,2025-08-05T17:15:34.985433
Kajaria Floor Tiles,Unknown,N/A,Unknown,https://www.indiamart.com/impcat/kajaria-floor-tiles.html,Tiles,2025-08-05T17:15:34.985433
Kajaria Vitrified Tiles,Unknown,N/A,Unknown,https://www.indiamart.com/impcat/kajaria-vitrified-tiles.html,Tiles,2025-08-05T17:15:34.985433
Somany Floor Tiles,Unknown,N/A,Unknown,https://www.indiamart.com/impcat/somani-floor-tiles.html,Tiles,2025-08-05T17:15:34.985433
Johnson Floor Tiles,Unknown,N/A,Unknown,https://www.indiamart.com/impcat/johnson-floor-tiles.html,Tiles,2025-08-05T17:15:34.985433
Orientbell Floor Tiles,Unknown,N/A,Unknown,https://www.indiamart.com/impcat/orient-floor-tiles.html,Tiles,2025-08-05T17:15:34.985433
